" ","CRS","Município","Doses destinadas","Doses aplicadas","% aplicado","1ª dose","2ª dose","Dose única","Não residentes vacinados","População geral","% pop. pelo menos uma dose","% pop. esquema vacinal completo"
"+ Detalhes","1","430060 - Alvorada","191185","175959","92,0%","119090","52477","4392","17226 (10,0%)","210305","63.5% (133454)","30.3% (63687)"
"+ Detalhes","1","430310 - Cachoeirinha","135509","118333","87,3%","80598","34567","3168","28415 (24,7%)","130293","64.9% (84588)","31.0% (40379)"
"+ Detalhes","1","430905 - Glorinha","8561","5817","67,9%","4083","1526","208","537 (9,6%)","8098","66.3% (5373)","29.0% (2346)"
"+ Detalhes","1","430920 - Gravataí","279839","258858","92,5%","173628","78931","6299","45115 (17,9%)","281519","61.7% (173578)","29.5% (82995)"
"+ Detalhes","1","431490 - Porto Alegre","1744954","1632054","93,5%","1002255","586020","43779","219917 (13,8%)","1483771","69.1% (1025979)","40.4% (599880)"
"+ Detalhes","1","432300 - Viamão","259642","227733","87,7%","157784","64298","5651","60380 (27,2%)","255224","53.3% (136156)","26.3% (67011)"
"+ Detalhes","1","430085 - Arambaré","4834","4478","92,6%","2825","1569","84","352 (8,0%)","3581","91.3% (3268)","50.3% (1801)"
"+ Detalhes","1","430110 - Arroio dos Ratos","16306","14772","90,6%","9493","4604","675","2268 (16,1%)","14151","70.6% (9992)","38.3% (5415)"
"+ Detalhes","1","430175 - Barão do Triunfo","7617","6065","79,6%","4146","1743","176","611 (10,4%)","7487","57.8% (4330)","25.5% (1908)"
"+ Detalhes","1","430190 - Barra do Ribeiro","15028","17791","118,4%","11161","6355","275","6277 (35,8%)","13491","67.0% (9045)","33.2% (4476)"
"+ Detalhes","1","430270 - Butiá","22032","19741","89,6%","13403","5838","500","1989 (10,3%)","20941","65.8% (13773)","30.1% (6305)"
"+ Detalhes","1","430350 - Camaquã","69915","64960","92,9%","43883","19342","1735","4603 (7,3%)","66261","70.4% (46648)","32.3% (21404)"
"+ Detalhes","1","430517 - Cerro Grande do Sul","11809","9479","80,3%","6735","2483","261","787 (8,5%)","12239","58.6% (7176)","22.9% (2802)"
"+ Detalhes","1","430535 - Charqueadas","47823","40082","83,8%","24527","12443","3112","6976 (18,9%)","40789","62.3% (25404)","33.4% (13627)"
"+ Detalhes","1","430544 - Chuvisca","5693","4520","79,4%","3364","1012","144","321 (7,3%)","5441","65.7% (3577)","21.3% (1161)"
"+ Detalhes","1","430650 - Dom Feliciano","15578","13523","86,8%","9324","3829","370","432 (3,3%)","15414","66.3% (10212)","28.4% (4372)"
"+ Detalhes","1","430676 - Eldorado do Sul","40102","35956","89,7%","24526","10542","888","8221 (23,4%)","41285","58.6% (24174)","27.2% (11229)"
"+ Detalhes","1","430880 - General Câmara","9522","8350","87,7%","5537","2616","197","828 (10,2%)","8385","71.6% (6002)","35.8% (3006)"
"+ Detalhes","1","430930 - Guaíba","101574","83329","82,0%","59041","21909","2379","12127 (15,0%)","98143","61.9% (60738)","25.9% (25450)"
"+ Detalhes","1","431198 - Mariana Pimentel","5051","4247","84,1%","2696","1457","94","465 (11,2%)","3885","79.1% (3074)","42.9% (1665)"
"+ Detalhes","1","431225 - Minas do Leão","8663","6847","79,0%","4905","1769","173","750 (11,2%)","8075","63.8% (5154)","25.3% (2042)"
"+ Detalhes","1","431840 - São Jerônimo","25616","23493","91,7%","14870","8036","587","3606 (15,7%)","24248","63.5% (15403)","33.7% (8166)"
"+ Detalhes","1","432035 - Sentinela do Sul","6476","5866","90,6%","3723","2018","125","1015 (17,7%)","5581","65.0% (3629)","35.5% (1981)"
"+ Detalhes","1","432055 - Sertão Santana","7459","6797","91,1%","4585","2072","140","657 (9,9%)","6486","73.7% (4779)","34.9% (2261)"
"+ Detalhes","1","432110 - Tapes","18958","16487","87,0%","10458","5646","383","2295 (14,3%)","17300","63.3% (10953)","34.5% (5965)"
"+ Detalhes","1","430087 - Araricá","6845","6523","95,3%","4165","2153","205","1743 (27,6%)","5698","67.8% (3864)","35.8% (2038)"
"+ Detalhes","1","430390 - Campo Bom","67495","64822","96,0%","42128","20866","1828","7415 (11,8%)","66712","67.5% (45005)","34.1% (22750)"
"+ Detalhes","1","430640 - Dois Irmãos","33562","30713","91,5%","20629","9214","870","2166 (7,3%)","32671","71.2% (23258)","32.7% (10687)"
"+ Detalhes","1","430760 - Estância Velha","51209","46194","90,2%","31742","13121","1331","5115 (11,4%)","50022","67.4% (33715)","29.3% (14652)"
"+ Detalhes","1","431080 - Ivoti","25203","23506","93,3%","15678","7127","701","2233 (9,8%)","24293","70.4% (17107)","33.4% (8110)"
"+ Detalhes","1","431162 - Lindolfo Collor","5897","4706","79,8%","3453","1072","181","408 (9,0%)","6054","60.6% (3669)","21.6% (1310)"
"+ Detalhes","1","431247 - Morro Reuter","7177","7137","99,4%","4595","2349","193","378 (5,4%)","6407","79.4% (5086)","41.4% (2651)"
"+ Detalhes","1","431306 - Nova Hartz","19542","18454","94,4%","12376","5531","547","2001 (11,2%)","21615","59.2% (12790)","27.7% (5991)"
"+ Detalhes","1","431340 - Novo Hamburgo","264220","234497","88,8%","157577","71379","5541","36268 (15,8%)","246748","62.4% (154064)","29.7% (73364)"
"+ Detalhes","1","431480 - Portão","36693","32032","87,3%","22198","8971","863","2821 (9,1%)","37079","64.8% (24029)","27.6% (10216)"
"+ Detalhes","1","431514 - Presidente Lucena","3503","3064","87,5%","2121","858","85","210 (7,0%)","2901","80.0% (2321)","34.4% (998)"
"+ Detalhes","1","431695 - Santa Maria do Herval","7315","7665","104,8%","4746","2727","192","954 (12,8%)","6331","69.6% (4406)","41.9% (2653)"
"+ Detalhes","1","431848 - São José do Hortêncio","5071","4871","96,1%","3142","1604","125","320 (6,7%)","4804","67.7% (3250)","35.6% (1711)"
"+ Detalhes","1","431870 - São Leopoldo","239602","187673","78,3%","130300","53103","4270","31070 (16,9%)","236835","54.7% (129509)","24.7% (58451)"
"+ Detalhes","1","431990 - Sapiranga","76729","72460","94,4%","49478","20947","2035","4184 (5,9%)","81734","68.1% (55629)","30.1% (24599)"
"+ Detalhes","1","430165 - Barão","6817","6388","93,7%","4278","1935","175","342 (5,5%)","6171","75.6% (4666)","35.3% (2176)"
"+ Detalhes","1","430265 - Brochier","6208","6603","106,4%","3921","2572","110","432 (6,7%)","5074","79.0% (4006)","51.9% (2633)"
"+ Detalhes","1","430460 - Canoas","383717","336575","87,7%","234685","92555","9335","70072 (21,4%)","346616","64.6% (223985)","28.1% (97321)"
"+ Detalhes","1","430468 - Capela de Santana","12575","9778","77,8%","6647","2852","279","1060 (11,2%)","11940","58.3% (6966)","26.8% (3195)"
"+ Detalhes","1","430770 - Esteio","93501","81140","86,8%","54073","25011","2056","16093 (20,3%)","83202","68.8% (57227)","33.1% (27540)"
"+ Detalhes","1","430955 - Harmonia","5665","4697","82,9%","3282","1273","142","330 (7,2%)","4866","75.0% (3650)","31.8% (1547)"
"+ Detalhes","1","431179 - Maratá","3404","3593","105,6%","2116","1398","79","258 (7,3%)","2691","81.9% (2205)","53.5% (1441)"
"+ Detalhes","1","431240 - Montenegro","70976","57401","80,9%","36289","18451","2661","6193 (11,3%)","65264","60.5% (39455)","32.4% (21139)"
"+ Detalhes","1","431337 - Nova Santa Rita","30981","26327","85,0%","18321","7027","979","6503 (25,7%)","29300","59.7% (17490)","25.7% (7528)"
"+ Detalhes","1","431403 - Pareci Novo","4587","3813","83,1%","2563","1131","119","375 (10,2%)","3837","76.2% (2922)","35.8% (1372)"
"+ Detalhes","1","431650 - Salvador do Sul","8372","7817","93,4%","5121","2495","201","466 (6,1%)","7799","71.1% (5542)","34.6% (2695)"
"+ Detalhes","1","431861 - São José do Sul","2965","2666","89,9%","1716","890","60","390 (15,0%)","2408","71.8% (1729)","37.1% (894)"
"+ Detalhes","1","431935 - São Pedro da Serra","4023","3889","96,7%","2544","1245","100","204 (5,4%)","3801","73.3% (2786)","37.2% (1415)"
"+ Detalhes","1","431950 - São Sebastião do Caí","26850","23813","88,7%","16173","7056","584","3252 (14,0%)","25685","61.4% (15766)","28.3% (7277)"
"+ Detalhes","1","432000 - Sapucaia do Sul","143407","130945","91,3%","88790","38822","3333","21556 (16,9%)","141075","66.0% (93067)","30.6% (43100)"
"+ Detalhes","1","432085 - Tabaí","4967","4162","83,8%","2779","1243","140","447 (11,1%)","4719","64.7% (3051)","31.2% (1474)"
"+ Detalhes","1","432200 - Triunfo","30112","26555","88,2%","17677","8177","701","3118 (12,1%)","29538","62.1% (18331)","29.8% (8809)"
"+ Detalhes","1","432225 - Tupandi","5055","4396","87,0%","3000","1263","133","214 (5,0%)","4855","68.2% (3313)","29.4% (1429)"
"+ Detalhes","1","430360 - Cambará do Sul","7131","5431","76,2%","3900","1375","156","823 (15,6%)","6431","61.5% (3953)","23.2% (1490)"
"+ Detalhes","1","431010 - Igrejinha","37263","34137","91,6%","23287","9828","1022","1620 (4,9%)","36899","70.6% (26067)","30.9% (11406)"
"+ Detalhes","1","431405 - Parobé","57534","52982","92,1%","34580","16999","1403","6474 (12,6%)","58272","60.6% (35328)","30.1% (17567)"
"+ Detalhes","1","431575 - Riozinho","5059","4724","93,4%","3065","1544","115","661 (14,3%)","4653","68.5% (3186)","34.6% (1608)"
"+ Detalhes","1","431600 - Rolante","22117","20695","93,6%","13891","6244","560","2173 (10,8%)","21349","66.0% (14091)","30.8% (6585)"
"+ Detalhes","1","431820 - São Francisco de Paula","21910","21204","96,8%","13452","7162","590","2963 (14,4%)","21710","62.0% (13463)","34.7% (7528)"
"+ Detalhes","1","432120 - Taquara","61026","51581","84,5%","34900","15010","1671","7672 (15,4%)","57466","60.9% (34970)","28.3% (16265)"
"+ Detalhes","1","432170 - Três Coroas","28628","10971","38,3%","8082","2889","0","1108 (10,1%)","28220","31.3% (8843)","11.6% (3287)"
"+ Detalhes","2","430050 - Alpestre","7767","6668","85,9%","4429","2092","147","296 (4,5%)","6258","79.0% (4941)","37.6% (2350)"
"+ Detalhes","2","430064 - Ametista do Sul","8365","7210","86,2%","5155","1826","229","685 (9,8%)","7409","70.0% (5188)","26.8% (1985)"
"+ Detalhes","2","430185 - Barra do Guarita","3303","3111","94,2%","2064","957","90","427 (14,1%)","3248","60.3% (1960)","30.3% (985)"
"+ Detalhes","2","430237 - Bom Progresso","2376","2358","99,2%","1528","783","47","429 (18,6%)","1942","74.3% (1443)","37.7% (732)"
"+ Detalhes","2","430340 - Caiçara","5773","5522","95,7%","3539","1872","111","566 (10,5%)","4743","75.2% (3565)","41.2% (1956)"
"+ Detalhes","2","430607 - Cristal do Sul","3267","3192","97,7%","2040","1087","65","442 (14,1%)","2847","67.7% (1926)","37.6% (1070)"
"+ Detalhes","2","430632 - Derrubadas","3411","3187","93,4%","2061","1051","75","336 (10,8%)","2805","72.1% (2022)","38.8% (1088)"
"+ Detalhes","2","430730 - Erval Seco","8436","7760","92,0%","4760","2831","169","325 (4,3%)","6912","75.9% (5245)","45.3% (3134)"
"+ Detalhes","2","430745 - Esperança do Sul","4058","3951","97,4%","2437","1438","76","17 (0,4%)","2926","89.9% (2630)","53.5% (1565)"
"+ Detalhes","2","430850 - Frederico Westphalen","34912","32503","93,1%","21354","9947","1202","4015 (12,8%)","31313","69.5% (21765)","34.7% (10867)"
"+ Detalhes","2","431050 - Iraí","9576","8109","84,7%","4966","2934","209","815 (10,3%)","7241","74.9% (5420)","46.6% (3376)"
"+ Detalhes","2","431160 - Liberato Salzano","6526","5721","87,7%","3734","1868","119","1033 (18,4%)","5219","62.9% (3282)","32.9% (1715)"
"+ Detalhes","2","431344 - Novo Tiradentes","2671","2415","90,4%","1507","852","56","154 (6,5%)","2211","73.2% (1619)","40.9% (904)"
"+ Detalhes","2","431380 - Palmitinho","8572","7632","89,0%","5079","2368","185","694 (9,3%)","7057","72.8% (5138)","36.0% (2539)"
"+ Detalhes","2","431445 - Pinhal","3178","3152","99,2%","1992","1109","51","398 (12,8%)","2579","73.6% (1899)","42.3% (1092)"
"+ Detalhes","2","431449 - Pinheirinho do Vale","5361","4610","86,0%","3193","1302","115","447 (9,9%)","4871","64.0% (3117)","27.7% (1347)"
"+ Detalhes","2","431470 - Planalto","13373","11125","83,2%","7050","3849","226","1000 (9,2%)","10084","71.4% (7200)","40.0% (4030)"
"+ Detalhes","2","431590 - Rodeio Bonito","7023","6740","96,0%","4432","2159","149","195 (3,0%)","5867","86.0% (5045)","42.5% (2496)"
"+ Detalhes","2","432020 - Seberi","12137","11753","96,8%","7777","3723","253","1214 (10,6%)","10750","72.4% (7781)","36.5% (3923)"
"+ Detalhes","2","432132 - Taquaruçu do Sul","3670","3746","102,1%","2304","1367","75","189 (5,1%)","3072","83.0% (2549)","49.3% (1513)"
"+ Detalhes","2","432140 - Tenente Portela","17264","16870","97,7%","9952","6598","320","589 (3,6%)","13485","79.9% (10773)","52.6% (7088)"
"+ Detalhes","2","432147 - Tiradentes do Sul","7110","6361","89,5%","3897","2345","119","333 (5,3%)","5704","70.1% (4000)","42.5% (2424)"
"+ Detalhes","2","432190 - Três Passos","29569","26912","91,0%","17866","8312","734","220 (0,8%)","23906","84.2% (20120)","40.8% (9743)"
"+ Detalhes","2","432310 - Vicente Dutra","5291","4670","88,3%","3074","1486","110","560 (12,3%)","4670","67.1% (3134)","34.1% (1594)"
"+ Detalhes","2","432350 - Vista Alegre","3202","3078","96,1%","2029","992","57","202 (6,7%)","2752","78.7% (2167)","39.4% (1085)"
"+ Detalhes","2","432370 - Vista Gaúcha","3254","3041","93,5%","2038","923","80","316 (10,7%)","2851","71.6% (2041)","35.3% (1005)"
"+ Detalhes","3","430063 - Amaral Ferrador","7423","4544","61,2%","3270","1108","166","646 (14,8%)","7031","47.0% (3305)","17.3% (1214)"
"+ Detalhes","3","430107 - Arroio do Padre","3489","3075","88,1%","2044","951","80","311 (10,4%)","2937","75.7% (2224)","34.4% (1010)"
"+ Detalhes","3","430130 - Arroio Grande","20190","18549","91,9%","11968","6166","415","1421 (7,8%)","18293","73.2% (13394)","37.4% (6834)"
"+ Detalhes","3","430450 - Canguçu","62532","55303","88,4%","37391","16632","1280","3677 (6,8%)","56045","70.6% (39560)","32.2% (18036)"
"+ Detalhes","3","430466 - Capão do Leão","26784","22632","84,5%","15744","6365","523","5262 (23,8%)","25354","64.5% (16352)","26.9% (6827)"
"+ Detalhes","3","430512 - Cerrito","7612","7017","92,2%","4429","2436","152","993 (14,5%)","6091","75.4% (4593)","40.5% (2465)"
"+ Detalhes","3","430543 - Chuí","4950","3670","74,1%","2266","1248","156","1046 (29,8%)","6704","31.0% (2081)","17.3% (1157)"
"+ Detalhes","3","430605 - Cristal","8864","7661","86,4%","4686","2798","177","761 (10,2%)","8009","66.0% (5282)","38.1% (3055)"
"+ Detalhes","3","430710 - Herval","7807","7124","91,3%","4589","2371","164","615 (8,8%)","6821","74.3% (5068)","38.7% (2640)"
"+ Detalhes","3","431100 - Jaguarão","32837","28537","86,9%","19329","8587","621","4082 (14,6%)","26680","67.9% (18125)","32.0% (8536)"
"+ Detalhes","3","431245 - Morro Redondo","8397","7735","92,1%","4876","2703","156","1120 (14,8%)","6568","82.0% (5389)","44.6% (2932)"
"+ Detalhes","3","431417 - Pedras Altas","3102","2743","88,4%","1876","813","54","684 (25,4%)","1982","83.8% (1661)","38.7% (767)"
"+ Detalhes","3","431420 - Pedro Osório","8984","7376","82,1%","4964","2237","175","857 (11,9%)","7730","75.1% (5803)","34.4% (2658)"
"+ Detalhes","3","431440 - Pelotas","407918","324335","79,5%","222791","93750","7794","35626 (11,3%)","342405","64.0% (219147)","28.9% (99106)"
"+ Detalhes","3","431450 - Pinheiro Machado","13584","13499","99,4%","8644","4572","283","1767 (13,4%)","12271","73.1% (8970)","38.4% (4709)"
"+ Detalhes","3","431460 - Piratini","24498","19378","79,1%","13157","5759","462","2718 (14,4%)","20663","62.9% (12989)","28.4% (5878)"
"+ Detalhes","3","431560 - Rio Grande","252311","184652","73,2%","128806","50529","5317","17226 (9,6%)","211005","60.9% (128466)","26.0% (54912)"
"+ Detalhes","3","431700 - Santana da Boa Vista","10947","9129","83,4%","6129","2796","204","2052 (23,0%)","8098","67.0% (5424)","31.7% (2570)"
"+ Detalhes","3","431730 - Santa Vitória do Palmar","35912","31195","86,9%","21593","8778","824","4239 (14,0%)","29676","70.5% (20915)","31.1% (9224)"
"+ Detalhes","3","431850 - São José do Norte","30270","26904","88,9%","18291","8015","598","3401 (12,9%)","27568","62.8% (17303)","28.6% (7897)"
"+ Detalhes","3","431880 - São Lourenço do Sul","51855","45015","86,8%","29802","14131","1082","4039 (9,2%)","43582","69.8% (30441)","33.7% (14706)"
"+ Detalhes","3","432232 - Turuçu","4198","3652","87,0%","2520","1039","93","410 (11,5%)","3438","82.7% (2842)","34.4% (1181)"
"+ Detalhes","4","430010 - Agudo","18686","16329","87,4%","10830","5063","436","1469 (9,2%)","16461","70.0% (11528)","33.7% (5554)"
"+ Detalhes","4","430290 - Cacequi","13335","11495","86,2%","7327","3882","286","553 (4,9%)","12561","71.0% (8921)","37.3% (4682)"
"+ Detalhes","4","430465 - Capão do Cipó","3717","3539","95,2%","2336","1118","85","812 (23,5%)","3651","57.6% (2103)","28.8% (1053)"
"+ Detalhes","4","430637 - Dilermando de Aguiar","3684","3379","91,7%","2156","1153","70","787 (23,8%)","3014","73.2% (2205)","37.5% (1129)"
"+ Detalhes","4","430670 - Dona Francisca","4156","3874","93,2%","2400","1405","69","619 (16,3%)","3041","80.3% (2443)","47.7% (1451)"
"+ Detalhes","4","430800 - Faxinal do Soturno","8812","7540","85,6%","4790","2587","163","693 (9,4%)","6677","81.6% (5451)","43.6% (2908)"
"+ Detalhes","4","430840 - Formigueiro","9806","8576","87,5%","5210","3229","137","1830 (21,7%)","6664","72.2% (4813)","44.5% (2968)"
"+ Detalhes","4","431053 - Itaara","6063","5596","92,3%","3527","1934","135","1232 (22,6%)","5499","76.5% (4208)","39.7% (2184)"
"+ Detalhes","4","431055 - Itacurubi","3813","3341","87,6%","2314","957","70","492 (15,0%)","3465","68.4% (2369)","31.2% (1082)"
"+ Detalhes","4","431075 - Ivorá","2519","2491","98,9%","1519","916","56","137 (5,6%)","1910","92.3% (1762)","53.9% (1029)"
"+ Detalhes","4","431110 - Jaguari","13963","13846","99,2%","8415","5097","334","922 (6,8%)","10848","84.6% (9173)","50.9% (5524)"
"+ Detalhes","4","431113 - Jari","4267","3494","81,9%","2278","1138","78","364 (10,7%)","3503","73.9% (2589)","36.5% (1280)"
"+ Detalhes","4","431120 - Júlio de Castilhos","21066","20137","95,6%","12586","7024","527","1031 (5,3%)","19293","75.9% (14645)","41.8% (8069)"
"+ Detalhes","4","431210 - Mata","6456","5676","87,9%","3477","2089","110","510 (9,2%)","4823","78.8% (3799)","45.7% (2205)"
"+ Detalhes","4","431303 - Nova Esperança do Sul","6282","6008","95,6%","3869","2008","131","327 (5,6%)","5352","78.6% (4204)","40.5% (2167)"
"+ Detalhes","4","431310 - Nova Palma","7577","7183","94,8%","4438","2591","154","652 (9,3%)","6512","74.8% (4870)","43.0% (2802)"
"+ Detalhes","4","431402 - Paraíso do Sul","8628","7614","88,2%","4792","2642","180","936 (12,6%)","7611","65.0% (4949)","36.2% (2756)"
"+ Detalhes","4","431447 - Pinhal Grande","4854","4624","95,3%","2927","1603","94","632 (14,0%)","4350","68.6% (2982)","37.6% (1637)"
"+ Detalhes","4","431532 - Quevedos","3401","2860","84,1%","1964","826","70","654 (23,4%)","2788","65.5% (1825)","30.8% (860)"
"+ Detalhes","4","431550 - Restinga Seca","18867","17043","90,3%","10670","6020","353","1841 (11,0%)","15789","72.6% (11470)","40.8% (6436)"
"+ Detalhes","4","431690 - Santa Maria","327643","283309","86,5%","193141","83228","6940","45536 (16,5%)","282123","63.8% (180030)","30.0% (84750)"
"+ Detalhes","4","431740 - Santiago","62027","54688","88,2%","35469","17946","1273","5117 (9,6%)","49425","75.9% (37534)","40.0% (19764)"
"+ Detalhes","4","431810 - São Francisco de Assis","22303","20374","91,4%","12813","7114","447","1209 (6,1%)","18335","77.6% (14222)","42.8% (7845)"
"+ Detalhes","4","431843 - São João do Polêsine","3448","3495","101,4%","2063","1367","65","718 (20,9%)","2552","81.0% (2068)","51.3% (1308)"
"+ Detalhes","4","431912 - São Martinho da Serra","4076","2937","72,1%","2028","842","67","745 (26,0%)","3234","58.7% (1899)","26.4% (854)"
"+ Detalhes","4","431940 - São Pedro do Sul","20099","18289","91,0%","11360","6536","393","851 (4,8%)","16198","84.1% (13617)","47.3% (7659)"
"+ Detalhes","4","431960 - São Sepé","28143","25310","89,9%","16629","8127","554","1469 (5,9%)","23621","79.2% (18718)","39.9% (9422)"
"+ Detalhes","4","431980 - São Vicente do Sul","9676","8982","92,8%","5722","2995","265","788 (9,0%)","8721","75.6% (6591)","39.4% (3438)"
"+ Detalhes","4","432065 - Silveira Martins","3135","2650","84,5%","1693","907","50","296 (11,4%)","2384","86.3% (2058)","44.6% (1064)"
"+ Detalhes","4","432149 - Toropi","3648","3286","90,1%","2149","1067","70","188 (5,8%)","2806","83.9% (2354)","42.4% (1190)"
"+ Detalhes","4","432237 - Unistalda","3022","3043","100,7%","1923","1060","60","882 (29,6%)","2338","66.9% (1565)","36.9% (862)"
"+ Detalhes","4","432345 - Vila Nova do Sul","5349","5149","96,3%","3195","1853","101","815 (16,1%)","4280","76.3% (3266)","44.6% (1907)"
"+ Detalhes","5","430057 - Alto Feliz","3622","2950","81,4%","1959","900","91","180 (6,3%)","3028","70.8% (2144)","33.1% (1003)"
"+ Detalhes","5","430080 - Antônio Prado","15729","14600","92,8%","9370","4913","317","1703 (11,9%)","13050","71.7% (9355)","38.9% (5070)"
"+ Detalhes","5","430210 - Bento Gonçalves","137489","112059","81,5%","76664","30960","4435","16029 (14,9%)","120454","61.9% (74586)","27.7% (33368)"
"+ Detalhes","5","430225 - Boa Vista do Sul","3511","3309","94,2%","2086","1153","70","276 (8,5%)","2783","87.5% (2436)","46.0% (1281)"
"+ Detalhes","5","430230 - Bom Jesus","12644","11647","92,1%","7819","3582","246","2563 (22,5%)","11349","63.3% (7183)","30.5% (3467)"
"+ Detalhes","5","430235 - Bom Princípio","13904","12393","89,1%","8898","3102","393","806 (6,7%)","14055","69.3% (9746)","26.4% (3714)"
"+ Detalhes","5","430367 - Campestre da Serra","3831","3883","101,4%","2478","1316","89","793 (20,9%)","3388","67.2% (2278)","36.9% (1251)"
"+ Detalhes","5","430440 - Canela","47693","41657","87,3%","27112","13203","1342","6043 (15,0%)","44998","59.7% (26844)","30.7% (13803)"
"+ Detalhes","5","430480 - Carlos Barbosa","35775","31431","87,9%","21483","8884","1064","5568 (18,3%)","29833","66.9% (19959)","30.3% (9050)"
"+ Detalhes","5","430510 - Caxias do Sul","551589","472378","85,6%","323516","136255","12607","53710 (11,7%)","510906","60.8% (310509)","27.8% (141930)"
"+ Detalhes","5","430593 - Coronel Pilar","2135","2046","95,8%","1292","724","30","397 (19,7%)","1628","72.8% (1185)","42.0% (684)"
"+ Detalhes","5","430595 - Cotiporã","5403","4600","85,1%","3047","1473","80","267 (5,9%)","3853","86.6% (3336)","41.5% (1600)"
"+ Detalhes","5","430740 - Esmeralda","3834","3356","87,5%","2209","1058","89","631 (19,3%)","3282","68.3% (2243)","35.1% (1153)"
"+ Detalhes","5","430786 - Fagundes Varela","3300","3091","93,7%","1968","1048","75","193 (6,4%)","2731","77.3% (2112)","42.1% (1150)"
"+ Detalhes","5","430790 - Farroupilha","75412","68359","90,6%","48587","17939","1833","8440 (12,7%)","72331","68.5% (49546)","27.6% (19976)"
"+ Detalhes","5","430810 - Feliz","14415","14527","100,8%","9372","4748","407","1054 (7,5%)","13547","76.4% (10344)","38.7% (5249)"
"+ Detalhes","5","430820 - Flores da Cunha","37479","30371","81,0%","21099","8544","728","2365 (8,0%)","30745","75.2% (23128)","31.6% (9727)"
"+ Detalhes","5","430860 - Garibaldi","39399","34538","87,7%","23358","10292","888","4657 (13,8%)","35070","68.3% (23962)","31.9% (11203)"
"+ Detalhes","5","430910 - Gramado","43048","38908","90,4%","26397","11558","953","4805 (12,7%)","36232","77.1% (27937)","34.2% (12395)"
"+ Detalhes","5","430925 - Guabiju","2107","2043","97,0%","1246","762","35","107 (5,3%)","1503","89.7% (1348)","55.1% (828)"
"+ Detalhes","5","430940 - Guaporé","28971","24246","83,7%","16563","6913","770","1177 (5,0%)","25727","69.9% (17989)","31.2% (8038)"
"+ Detalhes","5","431043 - Ipê","7302","7398","101,3%","4699","2541","158","574 (7,9%)","6640","82.3% (5467)","43.4% (2879)"
"+ Detalhes","5","431112 - Jaquirana","4458","4257","95,5%","2689","1478","90","607 (14,6%)","3716","77.6% (2885)","40.3% (1496)"
"+ Detalhes","5","431164 - Linha Nova","2110","1840","87,2%","1201","589","50","338 (18,9%)","1714","65.8% (1128)","33.9% (581)"
"+ Detalhes","5","431237 - Monte Alegre dos Campos","3776","3410","90,3%","2345","972","93","929 (28,0%)","3226","64.0% (2065)","27.2% (879)"
"+ Detalhes","5","431238 - Monte Belo do Sul","3610","3356","93,0%","2090","1200","66","516 (15,7%)","2548","85.1% (2169)","46.5% (1185)"
"+ Detalhes","5","431261 - Muitos Capões","3477","3006","86,5%","2059","863","84","685 (23,4%)","3162","70.6% (2233)","31.1% (982)"
"+ Detalhes","5","431280 - Nova Araçá","5422","4736","87,3%","3207","1386","143","405 (8,8%)","4759","71.3% (3394)","32.5% (1547)"
"+ Detalhes","5","431290 - Nova Bassano","11360","10207","89,9%","6655","3302","250","1025 (10,3%)","9916","68.8% (6826)","34.6% (3433)"
"+ Detalhes","5","431308 - Nova Pádua","3488","3139","90,0%","1921","1171","47","290 (9,4%)","2553","78.6% (2007)","46.8% (1194)"
"+ Detalhes","5","431320 - Nova Petrópolis","26478","21617","81,6%","13320","7654","643","1500 (7,2%)","21353","68.9% (14704)","39.6% (8460)"
"+ Detalhes","5","431330 - Nova Prata","29760","25231","84,8%","17349","7051","831","1667 (6,8%)","27257","69.8% (19028)","30.6% (8332)"
"+ Detalhes","5","431335 - Nova Roma do Sul","4321","4018","93,0%","2515","1411","92","194 (4,9%)","3689","76.1% (2806)","42.2% (1557)"
"+ Detalhes","5","431400 - Paraí","8848","7551","85,3%","5068","2279","204","378 (5,1%)","7657","78.3% (5997)","36.0% (2756)"
"+ Detalhes","5","431442 - Picada Café","6499","6343","97,6%","4144","2048","151","654 (10,6%)","5742","72.4% (4160)","37.0% (2124)"
"+ Detalhes","5","431446 - Pinhal da Serra","2883","2190","76,0%","1427","708","55","389 (18,2%)","1941","74.1% (1439)","37.6% (729)"
"+ Detalhes","5","431454 - Pinto Bandeira","3769","3192","84,7%","2077","1050","65","416 (13,3%)","3003","70.2% (2107)","35.1% (1054)"
"+ Detalhes","5","431517 - Protásio Alves","2661","2504","94,1%","1545","905","54","250 (10,2%)","1947","80.7% (1571)","46.2% (899)"
"+ Detalhes","5","431725 - Santa Tereza","2275","2148","94,4%","1298","815","35","225 (10,6%)","1729","84.2% (1456)","50.8% (878)"
"+ Detalhes","5","431844 - São Jorge","3386","3159","93,3%","2067","1042","50","183 (5,9%)","2824","78.9% (2228)","40.5% (1143)"
"+ Detalhes","5","431862 - São José dos Ausentes","3616","3700","102,3%","2578","1018","104","684 (19,0%)","3527","70.1% (2471)","29.7% (1049)"
"+ Detalhes","5","431900 - São Marcos","24620","20213","82,1%","13739","5944","530","1338 (6,8%)","21556","70.3% (15160)","31.6% (6814)"
"+ Detalhes","5","431975 - São Vendelino","2802","2649","94,5%","1728","861","60","177 (6,8%)","2243","84.4% (1894)","41.6% (932)"
"+ Detalhes","5","432235 - União da Serra","1704","1520","89,2%","952","539","29","206 (13,8%)","1154","82.8% (955)","45.1% (520)"
"+ Detalhes","5","432250 - Vacaria","72566","63735","87,8%","44160","17812","1763","9562 (15,4%)","66218","62.4% (41345)","27.5% (18225)"
"+ Detalhes","5","432254 - Vale Real","6120","5666","92,6%","3853","1656","157","387 (7,0%)","5913","75.2% (4444)","33.4% (1976)"
"+ Detalhes","5","432280 - Veranópolis","29029","27189","93,7%","17577","8914","698","1837 (6,9%)","26241","70.3% (18443)","37.0% (9722)"
"+ Detalhes","5","432330 - Vila Flores","4320","4154","96,2%","2607","1464","83","237 (5,8%)","3385","82.5% (2793)","46.3% (1567)"
"+ Detalhes","5","432360 - Vista Alegre do Prata","1937","1950","100,7%","1207","706","37","121 (6,3%)","1561","80.6% (1258)","46.8% (731)"
"+ Detalhes","6","430005 - Água Santa","4354","3962","91,0%","2557","1320","85","256 (6,6%)","3748","73.6% (2760)","39.0% (1461)"
"+ Detalhes","6","430047 - Almirante Tamandaré do Sul","2299","2306","100,3%","1426","832","48","138 (6,1%)","1964","81.9% (1608)","46.1% (906)"
"+ Detalhes","6","430055 - Alto Alegre","2083","1932","92,8%","1137","749","46","123 (6,5%)","1638","78.9% (1293)","50.4% (826)"
"+ Detalhes","6","430066 - André da Rocha","1673","1509","90,2%","995","481","33","187 (12,7%)","1333","77.3% (1031)","39.1% (521)"
"+ Detalhes","6","430140 - Arvorezinha","11659","10368","88,9%","6985","3158","225","710 (7,0%)","10424","69.9% (7286)","33.0% (3443)"
"+ Detalhes","6","430180 - Barracão","6148","5808","94,5%","3585","2109","114","498 (8,7%)","5275","70.1% (3696)","41.2% (2171)"
"+ Detalhes","6","430200 - Barros Cassal","11802","10340","87,6%","6662","3421","257","729 (7,2%)","11199","63.2% (7081)","32.9% (3682)"
"+ Detalhes","6","430320 - Cacique Doble","6310","6254","99,1%","3786","2343","125","366 (6,0%)","5065","81.7% (4140)","50.6% (2565)"
"+ Detalhes","6","430355 - Camargo","3402","3068","90,2%","2029","979","60","451 (15,0%)","2733","68.2% (1864)","34.8% (951)"
"+ Detalhes","6","430410 - Campos Borges","4237","3827","90,3%","2360","1387","80","273 (7,3%)","3320","75.9% (2519)","45.0% (1495)"
"+ Detalhes","6","430462 - Capão Bonito do Sul","2218","2112","95,2%","1387","669","56","409 (19,9%)","1654","85.4% (1413)","41.3% (683)"
"+ Detalhes","6","430470 - Carazinho","66402","64597","97,3%","41827","20895","1875","2940 (4,7%)","62110","72.3% (44912)","37.8% (23483)"
"+ Detalhes","6","430490 - Casca","10742","10566","98,4%","6643","3673","250","729 (7,1%)","9031","78.6% (7098)","44.5% (4017)"
"+ Detalhes","6","430495 - Caseiros","3558","3434","96,5%","2182","1182","70","168 (5,0%)","3202","77.2% (2473)","41.6% (1333)"
"+ Detalhes","6","430550 - Ciríaco","5709","4851","85,0%","3112","1639","100","337 (7,1%)","4747","70.3% (3337)","37.4% (1776)"
"+ Detalhes","6","430585 - Coqueiros do Sul","3047","2843","93,3%","1838","944","61","234 (8,4%)","2306","84.2% (1942)","44.9% (1035)"
"+ Detalhes","6","430597 - Coxilha","3310","3081","93,1%","2027","988","66","249 (8,3%)","2756","85.1% (2346)","39.7% (1095)"
"+ Detalhes","6","430630 - David Canabarro","5449","4681","85,9%","3172","1390","119","412 (9,0%)","4740","70.7% (3349)","32.7% (1550)"
"+ Detalhes","6","430705 - Ernestina","3762","3614","96,1%","2301","1226","87","525 (14,9%)","3168","75.9% (2404)","40.9% (1295)"
"+ Detalhes","6","430750 - Espumoso","17933","16870","94,1%","10642","5768","460","1461 (8,9%)","15588","70.5% (10985)","39.7% (6196)"
"+ Detalhes","6","430830 - Fontoura Xavier","11245","10652","94,7%","6828","3550","274","732 (7,1%)","10304","69.7% (7178)","36.8% (3795)"
"+ Detalhes","6","430885 - Gentil","2086","1754","84,1%","1166","541","47","177 (10,4%)","1634","81.6% (1333)","41.0% (670)"
"+ Detalhes","6","430980 - Ibiaçá","5941","5455","91,8%","3675","1672","108","261 (4,9%)","4709","82.5% (3883)","38.7% (1824)"
"+ Detalhes","6","430990 - Ibiraiaras","8748","8477","96,9%","5240","3065","172","614 (7,4%)","7262","73.7% (5354)","43.6% (3169)"
"+ Detalhes","6","430995 - Ibirapuitã","4498","4134","91,9%","2616","1423","95","389 (9,6%)","4013","70.9% (2847)","38.8% (1559)"
"+ Detalhes","6","431057 - Itapuca","2329","2156","92,6%","1401","705","50","161 (7,6%)","2094","72.5% (1518)","35.8% (750)"
"+ Detalhes","6","431125 - Lagoão","6373","5512","86,5%","3708","1643","161","364 (6,8%)","6452","63.9% (4123)","29.2% (1883)"
"+ Detalhes","6","431127 - Lagoa dos Três Cantos","2238","2207","98,6%","1380","781","46","242 (11,2%)","1609","88.4% (1423)","53.4% (859)"
"+ Detalhes","6","431130 - Lagoa Vermelha","33699","26985","80,1%","18089","8135","761","1531 (5,8%)","27807","72.1% (20042)","33.9% (9422)"
"+ Detalhes","6","431170 - Machadinho","7121","5595","78,6%","3714","1758","123","527 (9,6%)","5445","67.8% (3692)","33.0% (1795)"
"+ Detalhes","6","431180 - Marau","44444","40788","91,8%","29261","10339","1188","2843 (7,2%)","44161","68.8% (30397)","26.8% (11848)"
"+ Detalhes","6","431213 - Mato Castelhano","3353","2751","82,0%","1757","914","80","287 (10,7%)","2540","82.0% (2084)","45.2% (1147)"
"+ Detalhes","6","431220 - Maximiliano de Almeida","5242","4767","90,9%","3044","1628","95","236 (5,1%)","4377","75.0% (3283)","40.2% (1758)"
"+ Detalhes","6","431235 - Montauri","2065","1884","91,2%","1215","637","32","81 (4,4%)","1453","89.7% (1304)","46.3% (673)"
"+ Detalhes","6","431242 - Mormaço","3552","3232","91,0%","2081","1069","82","421 (13,4%)","3085","64.0% (1974)","33.4% (1029)"
"+ Detalhes","6","431262 - Muliterno","2443","2007","82,2%","1228","736","43","144 (7,3%)","1893","78.9% (1493)","52.3% (990)"
"+ Detalhes","6","431265 - Não-Me-Toque","21483","19696","91,7%","12817","6436","443","2194 (11,4%)","17624","71.7% (12639)","37.1% (6537)"
"+ Detalhes","6","431267 - Nicolau Vergueiro","2172","2215","102,0%","1542","635","38","313 (14,4%)","1682","87.5% (1472)","36.9% (621)"
"+ Detalhes","6","431275 - Nova Alvorada","3981","3700","92,9%","2452","1173","75","145 (4,0%)","3625","77.4% (2806)","38.0% (1378)"
"+ Detalhes","6","431360 - Paim Filho","5171","4623","89,4%","2851","1688","84","419 (9,2%)","3828","76.0% (2909)","44.5% (1702)"
"+ Detalhes","6","431410 - Passo Fundo","224954","217250","96,6%","140207","71836","5207","23590 (11,1%)","203275","67.5% (137292)","36.2% (73679)"
"+ Detalhes","6","431477 - Pontão","4281","3825","89,3%","2601","1123","101","483 (13,0%)","3904","68.8% (2687)","32.1% (1254)"
"+ Detalhes","6","431660 - Sananduva","19821","16609","83,8%","10895","5325","389","886 (5,5%)","16270","71.4% (11618)","36.1% (5868)"
"+ Detalhes","6","431673 - Santa Cecília do Sul","2250","1983","88,1%","1324","618","41","97 (5,0%)","1639","88.6% (1452)","41.2% (676)"
"+ Detalhes","6","431755 - Santo Antônio do Palma","2464","2480","100,6%","1589","834","57","173 (7,1%)","2128","77.8% (1655)","41.5% (883)"
"+ Detalhes","6","431775 - Santo Antônio do Planalto","2500","2233","89,3%","1484","703","46","212 (9,7%)","2019","78.3% (1581)","38.4% (775)"
"+ Detalhes","6","431795 - Santo Expedito do Sul","3072","3020","98,3%","1872","1099","49","248 (8,3%)","2324","81.1% (1884)","47.4% (1101)"
"+ Detalhes","6","431805 - São Domingos do Sul","3704","3695","99,8%","2151","1474","70","211 (5,8%)","3074","74.6% (2294)","50.5% (1552)"
"+ Detalhes","6","431842 - São João da Urtiga","5904","5841","98,9%","3579","2147","115","446 (7,8%)","4657","78.6% (3659)","46.9% (2186)"
"+ Detalhes","6","431860 - São José do Ouro","8158","7676","94,1%","5081","2412","183","441 (5,9%)","6933","78.4% (5434)","38.6% (2679)"
"+ Detalhes","6","432040 - Serafina Corrêa","17716","17250","97,4%","11310","5497","443","1101 (6,6%)","17502","68.2% (11938)","34.5% (6045)"
"+ Detalhes","6","432050 - Sertão","7134","6868","96,3%","4272","2428","168","540 (8,1%)","5415","87.5% (4739)","50.7% (2744)"
"+ Detalhes","6","432080 - Soledade","34106","26446","77,5%","18157","7388","901","2378 (9,3%)","31002","61.1% (18937)","27.3% (8457)"
"+ Detalhes","6","432090 - Tapejara","25487","23052","90,4%","16434","6022","596","1854 (8,3%)","24111","70.3% (16946)","27.9% (6734)"
"+ Detalhes","6","432100 - Tapera","12157","10630","87,4%","6995","3372","263","1026 (9,9%)","10584","68.9% (7295)","34.5% (3656)"
"+ Detalhes","6","432146 - Tio Hugo","3417","3322","97,2%","2235","1004","83","569 (17,6%)","3030","67.5% (2045)","32.3% (979)"
"+ Detalhes","6","432215 - Tunas","5061","3551","70,2%","2577","864","110","148 (4,3%)","4569","62.5% (2855)","22.5% (1026)"
"+ Detalhes","6","432218 - Tupanci do Sul","1896","1762","92,9%","1110","617","35","73 (4,2%)","1472","84.9% (1249)","46.5% (685)"
"+ Detalhes","6","432255 - Vanini","2538","2383","93,9%","1499","824","60","225 (9,7%)","2113","72.0% (1522)","40.7% (859)"
"+ Detalhes","6","432320 - Victor Graeff","3388","3571","105,4%","2240","1250","81","259 (7,4%)","2882","86.5% (2493)","50.1% (1445)"
"+ Detalhes","6","432335 - Vila Lângaro","2624","2477","94,4%","1544","881","52","168 (6,9%)","2091","79.7% (1666)","45.3% (947)"
"+ Detalhes","6","432340 - Vila Maria","5447","5175","95,0%","3258","1815","102","290 (5,7%)","4358","81.4% (3548)","44.8% (1953)"
"+ Detalhes","7","430003 - Aceguá","5363","5812","108,4%","3802","1873","137","588 (10,4%)","4901","80.4% (3938)","40.1% (1967)"
"+ Detalhes","7","430160 - Bagé","134113","118741","88,5%","84312","31170","3259","11954 (10,4%)","121143","68.6% (83059)","28.1% (34058)"
"+ Detalhes","7","430435 - Candiota","10249","9640","94,1%","6764","2623","253","1621 (17,3%)","9584","76.9% (7368)","30.5% (2921)"
"+ Detalhes","7","430660 - Dom Pedrito","41837","38057","91,0%","26045","11015","997","3248 (8,8%)","38461","69.7% (26809)","31.1% (11945)"
"+ Detalhes","7","430965 - Hulha Negra","7282","5614","77,1%","3770","1695","149","1155 (21,1%)","6776","55.4% (3757)","24.6% (1669)"
"+ Detalhes","7","431150 - Lavras do Sul","8727","8387","96,1%","5332","2845","210","920 (11,3%)","7480","75.7% (5666)","40.8% (3049)"
"+ Detalhes","8","430120 - Arroio do Tigre","13950","12472","89,4%","8443","3706","323","735 (6,0%)","13373","67.4% (9020)","30.8% (4118)"
"+ Detalhes","8","430280 - Caçapava do Sul","42796","35773","83,6%","22909","12069","795","1650 (4,7%)","33624","76.3% (25653)","39.8% (13398)"
"+ Detalhes","8","430300 - Cachoeira do Sul","97142","89383","92,0%","54641","32710","2032","5800 (6,6%)","82201","70.8% (58218)","42.5% (34961)"
"+ Detalhes","8","430513 - Cerro Branco","5412","4223","78,0%","2768","1341","114","393 (9,6%)","4691","63.3% (2970)","30.9% (1449)"
"+ Detalhes","8","430690 - Encruzilhada do Sul","29337","23609","80,5%","15765","7230","614","1244 (5,4%)","25877","65.3% (16901)","31.5% (8153)"
"+ Detalhes","8","430781 - Estrela Velha","4038","3704","91,7%","2443","1170","91","313 (8,7%)","3655","69.9% (2556)","34.3% (1252)"
"+ Detalhes","8","430975 - Ibarama","4575","4004","87,5%","2695","1194","115","395 (10,2%)","4406","67.4% (2968)","30.3% (1335)"
"+ Detalhes","8","431123 - Lagoa Bonita do Sul","2930","2717","92,7%","1780","867","70","486 (18,4%)","2903","57.1% (1658)","29.3% (850)"
"+ Detalhes","8","431339 - Novo Cabrais","4658","4433","95,2%","2821","1526","86","434 (10,0%)","4196","70.7% (2968)","38.3% (1608)"
"+ Detalhes","8","431406 - Passa Sete","5549","4762","85,8%","3216","1411","135","651 (14,1%)","5702","57.3% (3269)","25.2% (1439)"
"+ Detalhes","8","432026 - Segredo","7875","6851","87,0%","4634","2039","178","830 (12,4%)","7421","62.3% (4625)","28.3% (2098)"
"+ Detalhes","8","432070 - Sobradinho","16697","14937","89,5%","9688","4788","461","1821 (12,6%)","14967","67.3% (10071)","34.7% (5191)"
"+ Detalhes","9","430222 - Boa Vista do Cadeado","2887","2816","97,5%","1728","1025","63","458 (16,6%)","2470","65.9% (1628)","40.6% (1002)"
"+ Detalhes","9","430223 - Boa Vista do Incra","2864","2731","95,4%","1694","972","65","408 (15,3%)","2603","64.3% (1673)","36.8% (959)"
"+ Detalhes","9","430560 - Colorado","4358","4216","96,7%","2561","1583","72","382 (9,2%)","3175","82.2% (2609)","51.3% (1628)"
"+ Detalhes","9","430610 - Cruz Alta","67274","62799","93,3%","39158","21824","1817","2564 (4,2%)","60299","74.2% (44748)","42.1% (25365)"
"+ Detalhes","9","430845 - Fortaleza dos Valos","5607","6541","116,7%","4106","2305","130","611 (9,5%)","4320","95.1% (4110)","54.4% (2348)"
"+ Detalhes","9","431000 - Ibirubá","23791","22242","93,5%","14799","6913","530","1300 (6,0%)","20350","78.6% (15988)","37.6% (7644)"
"+ Detalhes","9","431087 - Jacuizinho","3101","2799","90,3%","1686","1038","75","415 (15,2%)","2692","61.9% (1666)","38.0% (1022)"
"+ Detalhes","9","431535 - Quinze de Novembro","4707","4487","95,3%","2937","1460","90","399 (9,1%)","3796","77.3% (2933)","39.8% (1510)"
"+ Detalhes","9","431643 - Saldanha Marinho","3495","3464","99,1%","2142","1245","77","439 (13,0%)","2650","80.0% (2121)","47.5% (1259)"
"+ Detalhes","9","431645 - Salto do Jacuí","13364","11228","84,0%","7380","3547","301","1392 (12,7%)","12449","60.7% (7552)","30.4% (3783)"
"+ Detalhes","9","431670 - Santa Bárbara do Sul","8945","8989","100,5%","5710","3047","232","849 (9,7%)","7994","75.5% (6034)","40.8% (3263)"
"+ Detalhes","9","432030 - Selbach","5947","6323","106,3%","3983","2211","129","457 (7,4%)","5100","83.1% (4236)","47.2% (2408)"
"+ Detalhes","9","432220 - Tupanciretã","23978","23697","98,8%","14938","8173","586","4803 (20,8%)","23948","55.2% (13209)","31.7% (7595)"
"+ Detalhes","10","430040 - Alegrete","82459","81993","99,4%","52002","28243","1748","7581 (9,4%)","73589","73.5% (54057)","40.2% (29615)"
"+ Detalhes","10","430187 - Barra do Quaraí","4083","3712","90,9%","2502","1093","117","990 (27,5%)","4215","53.9% (2272)","25.2% (1062)"
"+ Detalhes","10","431060 - Itaqui","39374","37847","96,1%","24661","12198","988","5318 (14,4%)","37620","62.8% (23618)","32.9% (12375)"
"+ Detalhes","10","431171 - Maçambará","4455","4134","92,8%","2660","1344","130","889 (22,2%)","4587","74.3% (3410)","34.4% (1577)"
"+ Detalhes","10","431175 - Manoel Viana","8155","8219","100,8%","5236","2808","175","1349 (16,8%)","7299","71.4% (5215)","38.8% (2832)"
"+ Detalhes","10","431530 - Quaraí","29183","23700","81,2%","14832","8314","554","2962 (12,8%)","22687","63.3% (14352)","37.1% (8417)"
"+ Detalhes","10","431640 - Rosário do Sul","43152","40617","94,1%","26440","13237","940","4985 (12,6%)","39422","64.5% (25423)","33.1% (13037)"
"+ Detalhes","10","431697 - Santa Margarida do Sul","2886","2986","103,5%","1818","1101","67","424 (14,5%)","2562","100.5% (2574)","59.0% (1512)"
"+ Detalhes","10","431710 - Santana do Livramento","103745","80762","77,8%","53416","25292","2054","8164 (10,4%)","77027","69.3% (53411)","34.7% (26723)"
"+ Detalhes","10","431830 - São Gabriel","68695","67284","97,9%","42466","23275","1543","6266 (9,5%)","62105","71.0% (44120)","39.6% (24600)"
"+ Detalhes","10","432240 - Uruguaiana","128436","117689","91,6%","77789","36628","3272","10928 (9,6%)","126970","62.1% (78859)","30.7% (38977)"
"+ Detalhes","11","430090 - Aratiba","8160","7718","94,6%","4823","2750","145","321 (4,2%)","6235","86.0% (5365)","48.2% (3004)"
"+ Detalhes","11","430155 - Áurea","4236","4178","98,6%","2607","1480","91","354 (8,7%)","3554","78.7% (2796)","44.4% (1579)"
"+ Detalhes","11","430170 - Barão de Cotegipe","8546","7524","88,0%","4778","2576","170","683 (9,3%)","6623","77.9% (5159)","41.2% (2730)"
"+ Detalhes","11","430192 - Barra do Rio Azul","2207","2816","127,6%","1604","1166","46","148 (5,3%)","1690","102.8% (1738)","73.7% (1246)"
"+ Detalhes","11","430205 - Benjamin Constant do Sul","3415","2763","80,9%","1599","1118","46","587 (21,6%)","1994","71.7% (1430)","50.1% (999)"
"+ Detalhes","11","430380 - Campinas do Sul","6645","5983","90,0%","3883","1980","120","653 (11,1%)","5454","75.1% (4096)","40.1% (2185)"
"+ Detalhes","11","430485 - Carlos Gomes","1910","1767","92,5%","1110","622","35","98 (5,7%)","1377","90.5% (1246)","48.8% (672)"
"+ Detalhes","11","430511 - Centenário","3512","3542","100,9%","2215","1253","74","247 (7,1%)","2891","78.8% (2278)","45.8% (1323)"
"+ Detalhes","11","430537 - Charrua","4718","4062","86,1%","2361","1636","65","625 (15,6%)","3279","66.1% (2168)","46.1% (1511)"
"+ Detalhes","11","430613 - Cruzaltense","2284","2274","99,6%","1373","860","41","301 (13,5%)","1833","75.4% (1382)","46.0% (844)"
"+ Detalhes","11","430695 - Entre Rios do Sul","3412","3461","101,4%","2103","1285","73","142 (4,2%)","2792","84.7% (2366)","51.4% (1436)"
"+ Detalhes","11","430697 - Erebango","3602","3247","90,1%","2031","1151","65","304 (9,6%)","2991","72.9% (2179)","41.5% (1241)"
"+ Detalhes","11","430700 - Erechim","119206","113681","95,4%","73216","37429","3036","12960 (11,7%)","105862","66.5% (70444)","36.4% (38528)"
"+ Detalhes","11","430720 - Erval Grande","5883","5665","96,3%","3560","1998","107","183 (3,3%)","4859","77.8% (3779)","44.0% (2136)"
"+ Detalhes","11","430755 - Estação","6602","6499","98,4%","4137","2221","141","452 (7,1%)","5958","80.4% (4790)","42.9% (2555)"
"+ Detalhes","11","430805 - Faxinalzinho","3324","2627","79,0%","1607","965","55","414 (16,1%)","2315","69.1% (1599)","42.9% (992)"
"+ Detalhes","11","430825 - Floriano Peixoto","2394","2131","89,0%","1314","773","44","230 (11,0%)","1766","77.1% (1361)","45.0% (794)"
"+ Detalhes","11","430870 - Gaurama","6771","6708","99,1%","4378","2193","137","522 (7,9%)","5534","85.3% (4723)","43.9% (2430)"
"+ Detalhes","11","430890 - Getúlio Vargas","18791","18017","95,9%","11479","6033","505","2137 (12,2%)","16212","72.5% (11752)","39.2% (6348)"
"+ Detalhes","11","431046 - Ipiranga do Sul","2514","2516","100,1%","1483","971","62","204 (8,3%)","1889","83.2% (1571)","55.8% (1055)"
"+ Detalhes","11","431070 - Itatiba do Sul","4207","4099","97,4%","2490","1529","80","318 (7,9%)","3324","82.6% (2745)","49.7% (1651)"
"+ Detalhes","11","431090 - Jacutinga","4640","4240","91,4%","2650","1515","75","462 (11,1%)","3561","77.4% (2757)","44.4% (1582)"
"+ Detalhes","11","431190 - Marcelino Ramos","5348","5090","95,2%","3276","1714","100","450 (9,0%)","4402","79.1% (3482)","41.9% (1843)"
"+ Detalhes","11","431200 - Mariano Moro","2609","2481","95,1%","1548","879","54","261 (10,8%)","2031","78.5% (1594)","45.5% (925)"
"+ Detalhes","11","431270 - Nonoai","14762","13273","89,9%","8942","4059","272","2074 (16,0%)","11695","71.7% (8380)","34.0% (3981)"
"+ Detalhes","11","431413 - Paulo Bento","2907","2559","88,0%","1646","864","49","151 (6,0%)","2293","77.5% (1778)","41.9% (961)"
"+ Detalhes","11","431478 - Ponte Preta","2169","1927","88,8%","1154","736","37","72 (3,8%)","1547","88.4% (1368)","53.5% (828)"
"+ Detalhes","11","431531 - Quatro Irmãos","2045","1809","88,5%","1169","595","45","293 (16,6%)","1849","62.6% (1157)","33.0% (610)"
"+ Detalhes","11","431555 - Rio dos Índios","3590","2987","83,2%","1860","1062","65","366 (12,5%)","2752","74.2% (2041)","41.9% (1154)"
"+ Detalhes","11","431970 - São Valentim","4505","3946","87,6%","2564","1312","70","244 (6,3%)","3299","87.0% (2871)","44.2% (1458)"
"+ Detalhes","11","432060 - Severiano de Almeida","4816","4814","100,0%","2913","1831","70","215 (4,5%)","3657","86.0% (3146)","53.0% (1939)"
"+ Detalhes","11","432163 - Três Arroios","3528","3474","98,5%","2119","1290","65","241 (7,1%)","2668","85.0% (2267)","50.8% (1356)"
"+ Detalhes","11","432290 - Viadutos","5974","5909","98,9%","3623","2172","114","383 (6,6%)","4756","81.2% (3862)","48.6% (2311)"
"+ Detalhes","12","430250 - Bossoroca","7354","7121","96,8%","4372","2585","164","1070 (15,4%)","6279","70.8% (4445)","41.0% (2572)"
"+ Detalhes","12","430330 - Caibaté","6064","6038","99,6%","3620","2298","120","505 (8,5%)","4846","80.3% (3890)","50.8% (2460)"
"+ Detalhes","12","430520 - Cerro Largo","15497","15167","97,9%","9360","5438","369","671 (4,5%)","14133","76.0% (10738)","43.5% (6154)"
"+ Detalhes","12","430635 - Dezesseis de Novembro","3137","2872","91,6%","1788","1018","66","191 (6,8%)","2427","85.0% (2063)","47.0% (1140)"
"+ Detalhes","12","430693 - Entre-Ijuís","10143","8454","83,3%","5506","2753","195","1038 (12,6%)","8475","72.3% (6125)","35.9% (3046)"
"+ Detalhes","12","430783 - Eugênio de Castro","3374","3103","92,0%","1996","1053","54","345 (11,3%)","2396","86.0% (2061)","44.4% (1063)"
"+ Detalhes","12","430865 - Garruchos","3565","3364","94,4%","2156","1138","70","448 (13,6%)","2924","76.9% (2250)","40.3% (1179)"
"+ Detalhes","12","430950 - Guarani das Missões","9726","8598","88,4%","5434","2973","191","729 (8,7%)","7537","75.4% (5682)","42.0% (3163)"
"+ Detalhes","12","431217 - Mato Queimado","2136","2068","96,8%","1265","735","68","263 (13,2%)","1648","79.7% (1313)","46.2% (762)"
"+ Detalhes","12","431455 - Pirapó","3555","3029","85,2%","1906","1063","60","190 (6,4%)","2304","91.1% (2100)","50.7% (1168)"
"+ Detalhes","12","431510 - Porto Xavier","12411","11674","94,1%","7404","4016","254","1445 (12,7%)","10246","70.1% (7181)","40.3% (4134)"
"+ Detalhes","12","431595 - Rolador","2944","2916","99,0%","1810","1053","53","627 (21,9%)","2323","69.6% (1616)","41.8% (971)"
"+ Detalhes","12","431630 - Roque Gonzales","8386","7546","90,0%","5052","2339","155","571 (7,7%)","6847","80.2% (5490)","38.9% (2661)"
"+ Detalhes","12","431647 - Salvador das Missões","3774","3596","95,3%","2290","1231","75","191 (5,4%)","2733","92.8% (2537)","49.9% (1363)"
"+ Detalhes","12","431750 - Santo Ângelo","86206","85830","99,6%","53000","30592","2238","6262 (7,5%)","77593","72.2% (55993)","43.2% (33515)"
"+ Detalhes","12","431770 - Santo Antônio das Missões","12561","10879","86,6%","7395","3228","256","1546 (14,6%)","10175","75.5% (7686)","34.9% (3547)"
"+ Detalhes","12","431800 - São Borja","70366","68940","98,0%","44527","22725","1688","7148 (10,6%)","60282","74.7% (45005)","39.5% (23822)"
"+ Detalhes","12","431890 - São Luiz Gonzaga","39522","36348","92,0%","23243","12127","978","3007 (8,5%)","33468","76.7% (25661)","40.8% (13668)"
"+ Detalhes","12","431915 - São Miguel das Missões","9071","7941","87,5%","5157","2603","181","586 (7,6%)","7673","71.1% (5457)","36.8% (2827)"
"+ Detalhes","12","431920 - São Nicolau","6376","5867","92,0%","3809","1928","130","621 (10,8%)","5265","76.3% (4015)","38.9% (2046)"
"+ Detalhes","12","431937 - São Pedro do Butiá","3917","3597","91,8%","2321","1216","60","153 (4,3%)","2947","89.1% (2626)","44.5% (1310)"
"+ Detalhes","12","432057 - Sete de Setembro","2613","2476","94,8%","1526","900","50","272 (11,2%)","1970","79.0% (1556)","46.8% (921)"
"+ Detalhes","12","432234 - Ubiretama","2514","2403","95,6%","1531","823","49","196 (8,3%)","2015","78.9% (1590)","42.6% (859)"
"+ Detalhes","12","432375 - Vitória das Missões","4258","3677","86,4%","2239","1353","85","247 (6,9%)","3133","79.2% (2481)","46.8% (1466)"
"+ Detalhes","13","430420 - Candelária","33019","28010","84,8%","19378","7816","816","1021 (3,8%)","31365","66.5% (20848)","28.5% (8935)"
"+ Detalhes","13","430915 - Gramado Xavier","4263","2878","67,5%","1990","787","101","199 (7,2%)","4325","50.4% (2180)","21.0% (908)"
"+ Detalhes","13","430957 - Herveiras","3057","2861","93,6%","1897","889","75","312 (11,2%)","3018","64.4% (1943)","30.8% (930)"
"+ Detalhes","13","431215 - Mato Leitão","5416","5065","93,5%","3318","1607","140","413 (8,4%)","4515","77.0% (3478)","39.0% (1760)"
"+ Detalhes","13","431395 - Pantano Grande","11030","10508","95,3%","7111","3173","224","1323 (12,9%)","9174","78.8% (7230)","36.2% (3318)"
"+ Detalhes","13","431407 - Passo do Sobrado","7185","6684","93,0%","4245","2280","159","577 (8,8%)","6535","68.5% (4474)","37.9% (2474)"
"+ Detalhes","13","431570 - Rio Pardo","43111","39986","92,8%","25050","14067","869","4084 (10,4%)","38275","65.4% (25038)","38.1% (14578)"
"+ Detalhes","13","431680 - Santa Cruz do Sul","150726","134084","89,0%","88053","42366","3665","11249 (8,6%)","130416","70.3% (91679)","35.0% (45676)"
"+ Detalhes","13","432067 - Sinimbu","11650","9932","85,3%","6336","3365","231","1080 (11,1%)","10172","59.9% (6089)","33.0% (3354)"
"+ Detalhes","13","432252 - Vale Verde","4126","3637","88,1%","2381","1167","89","314 (8,9%)","3497","70.3% (2460)","34.6% (1209)"
"+ Detalhes","13","432253 - Vale do Sol","12557","10753","85,6%","7234","3225","294","739 (7,1%)","11781","62.3% (7345)","29.2% (3445)"
"+ Detalhes","13","432260 - Venâncio Aires","78458","75464","96,2%","47518","25773","2173","5049 (6,9%)","71554","68.0% (48653)","37.9% (27132)"
"+ Detalhes","13","432270 - Vera Cruz","29136","26179","89,9%","17906","7554","719","2342 (9,2%)","26863","68.5% (18400)","31.5% (8475)"
"+ Detalhes","14","430030 - Alecrim","8163","7678","94,1%","4940","2603","135","758 (10,0%)","5950","86.1% (5121)","46.2% (2751)"
"+ Detalhes","14","430045 - Alegria","4701","4150","88,3%","2728","1341","81","336 (8,3%)","3464","86.2% (2986)","43.0% (1489)"
"+ Detalhes","14","430220 - Boa Vista do Buricá","8055","8032","99,7%","5029","2822","181","814 (10,4%)","6712","77.2% (5183)","43.8% (2938)"
"+ Detalhes","14","430370 - Campina das Missões","7690","6607","85,9%","4052","2416","139","473 (7,3%)","5474","81.2% (4447)","48.8% (2673)"
"+ Detalhes","14","430430 - Cândido Godói","8258","6764","81,9%","4390","2235","139","387 (5,8%)","6198","76.4% (4737)","40.2% (2491)"
"+ Detalhes","14","430673 - Doutor Maurício Cardoso","6318","5395","85,4%","3463","1826","106","465 (8,8%)","4549","78.3% (3564)","42.7% (1941)"
"+ Detalhes","14","430900 - Giruá","18312","16876","92,2%","10696","5784","396","1858 (11,3%)","16004","69.1% (11055)","38.3% (6122)"
"+ Detalhes","14","430960 - Horizontina","23596","18960","80,4%","13161","5317","482","1561 (8,4%)","19329","72.0% (13910)","30.8% (5958)"
"+ Detalhes","14","431040 - Independência","7268","6931","95,4%","4555","2238","138","1078 (15,9%)","6167","72.4% (4464)","36.7% (2264)"
"+ Detalhes","14","431301 - Nova Candelária","3754","3116","83,0%","2080","941","95","277 (9,2%)","2698","77.8% (2099)","37.8% (1021)"
"+ Detalhes","14","431342 - Novo Machado","4387","3819","87,1%","2466","1266","87","106 (2,8%)","3323","76.6% (2544)","41.2% (1368)"
"+ Detalhes","14","431500 - Porto Lucena","6499","6156","94,7%","3633","2407","116","583 (9,7%)","4678","79.7% (3728)","53.0% (2481)"
"+ Detalhes","14","431505 - Porto Mauá","3352","2982","89,0%","1840","1098","44","348 (11,8%)","2374","77.0% (1827)","47.0% (1116)"
"+ Detalhes","14","431507 - Porto Vera Cruz","2046","2054","100,4%","1368","655","31","207 (10,2%)","1360","106.6% (1450)","53.2% (723)"
"+ Detalhes","14","431720 - Santa Rosa","83991","80631","96,0%","51406","26965","2260","10589 (13,5%)","73254","69.3% (50747)","37.5% (27434)"
"+ Detalhes","14","431790 - Santo Cristo","18531","15863","85,6%","10451","5027","385","920 (5,9%)","14257","80.8% (11513)","40.3% (5745)"
"+ Detalhes","14","431849 - São José do Inhacorá","2882","2969","103,0%","1812","1099","58","42 (1,4%)","2073","102.1% (2116)","60.8% (1260)"
"+ Detalhes","14","431930 - São Paulo das Missões","6985","6936","99,3%","4296","2495","145","546 (8,0%)","5790","76.9% (4451)","45.6% (2641)"
"+ Detalhes","14","432032 - Senador Salgado Filho","3114","3167","101,7%","1939","1159","69","279 (9,0%)","2779","73.8% (2052)","44.1% (1225)"
"+ Detalhes","14","432180 - Três de Maio","30451","26257","86,2%","17484","8157","616","3270 (12,8%)","23906","73.1% (17483)","36.0% (8596)"
"+ Detalhes","14","432210 - Tucunduva","7150","6261","87,6%","4009","2122","130","169 (2,8%)","5678","83.2% (4726)","44.2% (2508)"
"+ Detalhes","14","432230 - Tuparendi","10501","10663","101,5%","6505","3961","197","821 (7,8%)","7893","87.5% (6906)","53.6% (4230)"
"+ Detalhes","15","430195 - Barra Funda","3218","3052","94,8%","1860","1127","65","510 (17,1%)","2539","75.5% (1918)","44.9% (1139)"
"+ Detalhes","15","430215 - Boa Vista das Missões","2343","2135","91,1%","1404","680","51","163 (7,8%)","2098","81.5% (1709)","39.1% (820)"
"+ Detalhes","15","430260 - Braga","3799","3419","90,0%","2296","1038","85","185 (5,5%)","3353","77.8% (2607)","36.4% (1222)"
"+ Detalhes","15","430515 - Cerro Grande","3067","2643","86,2%","1727","856","60","150 (5,8%)","2311","83.4% (1927)","41.8% (967)"
"+ Detalhes","15","430530 - Chapada","12156","9998","82,2%","6713","3040","245","438 (4,5%)","9269","78.2% (7250)","37.0% (3426)"
"+ Detalhes","15","430580 - Constantina","12416","11073","89,2%","7434","3404","235","1790 (16,5%)","9911","70.3% (6971)","34.3% (3401)"
"+ Detalhes","15","430590 - Coronel Bicaco","7984","5934","74,3%","4104","1656","174","509 (8,8%)","7325","61.7% (4520)","26.0% (1904)"
"+ Detalhes","15","430642 - Dois Irmãos das Missões","2482","2070","83,4%","1379","644","47","194 (9,6%)","2026","71.2% (1443)","34.1% (690)"
"+ Detalhes","15","430692 - Engenho Velho","1958","1844","94,2%","1041","778","25","225 (12,4%)","1034","113.3% (1172)","82.2% (850)"
"+ Detalhes","15","430912 - Gramado dos Loureiros","3199","2916","91,2%","1806","1055","55","517 (18,1%)","2082","81.7% (1701)","49.6% (1032)"
"+ Detalhes","15","431085 - Jaboticaba","4524","4228","93,5%","2640","1487","101","393 (9,5%)","3810","73.6% (2804)","41.5% (1583)"
"+ Detalhes","15","431142 - Lajeado do Bugre","2950","2416","81,9%","1537","814","65","331 (14,1%)","2564","62.4% (1599)","34.4% (882)"
"+ Detalhes","15","431230 - Miraguaí","5488","4624","84,3%","3083","1430","111","505 (11,2%)","4925","64.9% (3195)","32.6% (1605)"
"+ Detalhes","15","431295 - Nova Boa Vista","2453","2554","104,1%","1598","911","45","132 (5,3%)","1775","102.9% (1826)","56.5% (1002)"
"+ Detalhes","15","431346 - Novo Xingu","2156","2189","101,5%","1286","852","51","175 (8,2%)","1719","81.8% (1406)","51.5% (885)"
"+ Detalhes","15","431349 - Novo Barreiro","4989","4787","96,0%","3014","1663","110","407 (8,7%)","4164","76.4% (3180)","42.7% (1776)"
"+ Detalhes","15","431370 - Palmeira das Missões","39768","36769","92,5%","23046","12823","900","3375 (9,4%)","33303","71.9% (23948)","40.7% (13547)"
"+ Detalhes","15","431540 - Redentora","12422","9576","77,1%","5770","3585","221","1438 (15,4%)","11549","47.5% (5490)","29.3% (3382)"
"+ Detalhes","15","431610 - Ronda Alta","12241","11098","90,7%","6813","4050","235","846 (7,8%)","10601","68.6% (7277)","40.7% (4313)"
"+ Detalhes","15","431620 - Rondinha","6620","6530","98,6%","3936","2463","131","383 (6,0%)","5130","83.3% (4271)","51.1% (2621)"
"+ Detalhes","15","431642 - Sagrada Família","3010","2868","95,3%","1736","1067","65","187 (6,7%)","2609","72.7% (1898)","44.2% (1153)"
"+ Detalhes","15","431845 - São José das Missões","3089","2859","92,6%","1799","1006","54","311 (11,1%)","2537","72.2% (1832)","40.2% (1021)"
"+ Detalhes","15","431936 - São Pedro das Missões","2411","2330","96,6%","1376","899","55","218 (9,6%)","2009","70.6% (1418)","47.1% (947)"
"+ Detalhes","15","432010 - Sarandi","25674","21044","82,0%","14483","5873","688","2534 (12,4%)","24489","60.1% (14724)","27.2% (6653)"
"+ Detalhes","15","432185 - Três Palmeiras","5545","5125","92,4%","3247","1772","106","589 (11,7%)","4271","76.2% (3254)","42.2% (1801)"
"+ Detalhes","15","432195 - Trindade do Sul","7073","6496","91,8%","4320","2025","151","391 (6,2%)","5802","80.8% (4686)","39.2% (2274)"
"+ Detalhes","16","430070 - Anta Gorda","7282","6332","87,0%","4263","1935","134","376 (6,1%)","5981","73.3% (4386)","34.8% (2079)"
"+ Detalhes","16","430100 - Arroio do Meio","23531","23042","97,9%","14723","7730","589","1873 (8,3%)","20805","74.1% (15418)","39.4% (8192)"
"+ Detalhes","16","430240 - Bom Retiro do Sul","13155","12164","92,5%","8010","3839","315","1006 (8,5%)","12328","69.8% (8601)","35.1% (4326)"
"+ Detalhes","16","430245 - Boqueirão do Leão","7428","6626","89,2%","4504","1921","201","376 (5,9%)","7714","63.5% (4899)","28.5% (2197)"
"+ Detalhes","16","430461 - Canudos do Vale","2160","2101","97,3%","1365","691","45","126 (6,1%)","1716","82.7% (1419)","42.1% (722)"
"+ Detalhes","16","430469 - Capitão","3495","3072","87,9%","1918","1084","70","271 (9,0%)","2757","71.7% (1978)","41.3% (1138)"
"+ Detalhes","16","430558 - Colinas","3332","2706","81,2%","1679","967","60","143 (5,4%)","2438","76.2% (1857)","43.8% (1069)"
"+ Detalhes","16","430583 - Coqueiro Baixo","2090","1968","94,2%","1158","770","40","83 (4,3%)","1501","82.7% (1241)","53.8% (808)"
"+ Detalhes","16","430620 - Cruzeiro do Sul","14712","11493","78,1%","7934","3230","329","821 (7,4%)","12348","68.3% (8438)","29.9% (3695)"
"+ Detalhes","16","430645 - Dois Lajeados","4226","4067","96,2%","2510","1472","85","352 (8,8%)","3400","75.9% (2579)","45.3% (1539)"
"+ Detalhes","16","430675 - Doutor Ricardo","2584","2414","93,4%","1503","857","54","121 (5,1%)","1983","84.2% (1669)","47.7% (945)"
"+ Detalhes","16","430680 - Encantado","25209","22322","88,5%","15366","6438","518","2150 (9,9%)","22706","69.1% (15694)","30.7% (6965)"
"+ Detalhes","16","430780 - Estrela","36713","32361","88,1%","21356","10044","961","3504 (11,2%)","34116","65.6% (22387)","32.2% (10971)"
"+ Detalhes","16","430807 - Fazenda Vilanova","4513","3984","88,3%","2700","1176","108","461 (11,9%)","4533","63.6% (2884)","28.4% (1288)"
"+ Detalhes","16","430843 - Forquetinha","3306","2830","85,6%","1802","958","70","347 (12,6%)","2412","72.9% (1758)","39.8% (959)"
"+ Detalhes","16","431030 - Ilópolis","5166","4803","93,0%","3122","1596","85","748 (15,9%)","4078","69.2% (2823)","36.5% (1489)"
"+ Detalhes","16","431036 - Imigrante","3755","3457","92,1%","2250","1133","74","258 (7,6%)","3120","75.0% (2341)","38.9% (1214)"
"+ Detalhes","16","431140 - Lajeado","92701","69371","74,8%","47151","19877","2343","8609 (12,8%)","84014","58.9% (49513)","26.7% (22424)"
"+ Detalhes","16","431205 - Marques de Souza","5378","4792","89,1%","3009","1684","99","735 (15,7%)","4009","70.7% (2836)","40.8% (1636)"
"+ Detalhes","16","431260 - Muçum","5933","5611","94,6%","3424","2047","140","341 (6,2%)","4954","80.0% (3963)","46.5% (2304)"
"+ Detalhes","16","431300 - Nova Bréscia","4120","4109","99,7%","2460","1574","75","207 (5,1%)","3330","82.0% (2729)","51.6% (1717)"
"+ Detalhes","16","431415 - Paverama","8862","7406","83,6%","5042","2174","190","593 (8,2%)","8487","62.9% (5340)","28.3% (2399)"
"+ Detalhes","16","431475 - Poço das Antas","2755","2464","89,4%","1524","885","55","125 (5,2%)","2098","80.0% (1679)","45.1% (947)"
"+ Detalhes","16","431513 - Pouso Novo","2317","2129","91,9%","1329","752","48","104 (5,0%)","1639","91.2% (1495)","51.3% (840)"
"+ Detalhes","16","431515 - Progresso","6909","6510","94,2%","4184","2171","155","230 (3,6%)","6244","73.1% (4562)","38.1% (2377)"
"+ Detalhes","16","431520 - Putinga","4807","4807","100,0%","2963","1757","87","145 (3,1%)","3919","85.1% (3336)","49.5% (1941)"
"+ Detalhes","16","431545 - Relvado","2663","2566","96,4%","1527","999","40","178 (7,0%)","2090","76.3% (1594)","49.4% (1032)"
"+ Detalhes","16","431580 - Roca Sales","12479","11543","92,5%","7302","3945","296","710 (6,3%)","11393","68.5% (7808)","37.7% (4298)"
"+ Detalhes","16","431675 - Santa Clara do Sul","7348","7155","97,4%","4568","2402","185","249 (3,6%)","6603","77.1% (5092)","40.5% (2673)"
"+ Detalhes","16","431846 - São José do Herval","2230","2193","98,3%","1357","786","50","185 (8,6%)","1971","76.1% (1500)","43.3% (853)"
"+ Detalhes","16","431971 - São Valentim do Sul","3003","2809","93,5%","1744","1011","54","149 (5,4%)","2242","86.2% (1933)","49.4% (1108)"
"+ Detalhes","16","432045 - Sério","2728","2487","91,2%","1547","880","60","117 (4,8%)","1962","85.6% (1679)","48.3% (947)"
"+ Detalhes","16","432130 - Taquari","29559","27467","92,9%","16968","9867","632","3035 (11,3%)","26862","62.9% (16889)","37.4% (10057)"
"+ Detalhes","16","432145 - Teutônia","34458","30564","88,7%","20951","8798","815","2410 (8,1%)","33232","66.0% (21941)","29.0% (9650)"
"+ Detalhes","16","432162 - Travesseiro","2997","2825","94,3%","1723","1047","55","165 (6,0%)","2336","79.0% (1845)","48.5% (1132)"
"+ Detalhes","16","432285 - Vespasiano Correa","2430","2372","97,6%","1483","845","44","307 (13,2%)","1815","75.2% (1365)","43.9% (797)"
"+ Detalhes","16","432377 - Westfalia","3475","3435","98,8%","2182","1173","80","201 (6,0%)","3014","75.8% (2284)","41.6% (1253)"
"+ Detalhes","17","430020 - Ajuricaba","8376","7516","89,7%","4662","2653","201","549 (7,5%)","7024","71.2% (5003)","41.0% (2882)"
"+ Detalhes","17","430150 - Augusto Pestana","8459","8493","100,4%","5230","3090","173","1343 (16,1%)","6661","74.6% (4968)","44.1% (2936)"
"+ Detalhes","17","430258 - Bozano","2729","2667","97,7%","1590","1012","65","274 (10,5%)","2123","83.6% (1774)","51.1% (1085)"
"+ Detalhes","17","430400 - Campo Novo","5317","4796","90,2%","3351","1345","100","737 (15,7%)","4484","73.0% (3274)","30.8% (1383)"
"+ Detalhes","17","430500 - Catuípe","10554","10118","95,9%","6208","3705","205","694 (7,0%)","8774","76.6% (6718)","45.8% (4018)"
"+ Detalhes","17","430540 - Chiapetta","4409","4255","96,5%","2739","1423","93","612 (14,7%)","3756","70.4% (2645)","38.2% (1435)"
"+ Detalhes","17","430570 - Condor","6981","6520","93,4%","4395","1932","193","419 (6,6%)","6753","71.7% (4841)","32.7% (2211)"
"+ Detalhes","17","430587 - Coronel Barros","3231","3240","100,3%","2009","1158","73","482 (15,2%)","2519","79.7% (2007)","49.4% (1245)"
"+ Detalhes","17","430600 - Crissiumal","16164","14684","90,8%","9618","4763","303","1410 (9,8%)","13448","70.6% (9501)","36.1% (4858)"
"+ Detalhes","17","430970 - Humaitá","5818","4981","85,6%","3257","1598","126","293 (6,0%)","4762","74.4% (3545)","37.9% (1804)"
"+ Detalhes","17","431020 - Ijuí","98383","90417","91,9%","58227","29577","2613","6530 (7,4%)","83475","73.8% (61646)","39.2% (32749)"
"+ Detalhes","17","431041 - Inhacorá","2673","2202","82,4%","1417","740","45","335 (15,5%)","2226","61.6% (1372)","33.5% (746)"
"+ Detalhes","17","431115 - Jóia","9958","7635","76,7%","5184","2252","199","869 (11,7%)","8560","65.3% (5589)","30.2% (2584)"
"+ Detalhes","17","431333 - Nova Ramada","2806","2637","94,0%","1695","882","60","262 (10,2%)","2242","78.5% (1760)","41.7% (936)"
"+ Detalhes","17","431390 - Panambi","43536","37117","85,3%","25858","10146","1113","2848 (7,9%)","43667","61.8% (26988)","26.3% (11478)"
"+ Detalhes","17","431430 - Pejuçara","4567","4471","97,9%","2795","1576","100","671 (15,4%)","3874","68.7% (2663)","40.3% (1562)"
"+ Detalhes","17","431780 - Santo Augusto","16019","14708","91,8%","9616","4692","400","1540 (10,8%)","13885","71.2% (9892)","36.3% (5041)"
"+ Detalhes","17","431910 - São Martinho","6819","6809","99,9%","4059","2608","142","219 (3,3%)","5426","82.3% (4464)","53.3% (2892)"
"+ Detalhes","17","431973 - São Valério do Sul","3733","3238","86,7%","1806","1367","65","445 (14,0%)","2727","62.0% (1692)","47.2% (1287)"
"+ Detalhes","17","432023 - Sede Nova","3222","3014","93,5%","1964","975","75","188 (6,4%)","2907","73.1% (2125)","36.5% (1062)"
"+ Detalhes","18","430105 - Arroio do Sal","13609","12414","91,2%","8156","3981","277","1944 (16,0%)","10065","90.3% (9090)","47.9% (4817)"
"+ Detalhes","18","430163 - Balneário Pinhal","17024","15218","89,4%","10314","4561","343","4289 (28,8%)","14068","69.3% (9745)","34.9% (4906)"
"+ Detalhes","18","430463 - Capão da Canoa","62209","56405","90,7%","38162","16765","1478","12821 (23,3%)","53049","70.5% (37421)","33.4% (17727)"
"+ Detalhes","18","430467 - Capivari do Sul","5229","4648","88,9%","3011","1522","115","530 (11,7%)","4660","73.3% (3415)","36.8% (1713)"
"+ Detalhes","18","430471 - Caraá","9602","8609","89,7%","5410","3014","185","2405 (28,5%)","8270","55.9% (4621)","31.1% (2575)"
"+ Detalhes","18","430545 - Cidreira","24191","19277","79,7%","12307","6311","659","6905 (37,1%)","16254","63.7% (10360)","35.1% (5712)"
"+ Detalhes","18","430655 - Dom Pedro de Alcântara","3414","3012","88,2%","2062","890","60","499 (16,9%)","2534","78.5% (1989)","37.0% (938)"
"+ Detalhes","18","431033 - Imbé","29732","26077","87,7%","16839","8604","634","7046 (27,7%)","22800","78.1% (17809)","41.6% (9484)"
"+ Detalhes","18","431065 - Itati","3397","3440","101,3%","2204","1147","89","559 (16,7%)","2419","94.0% (2274)","51.8% (1252)"
"+ Detalhes","18","431173 - Mampituba","3654","3177","86,9%","2081","1023","73","470 (15,1%)","2981","65.9% (1964)","32.6% (973)"
"+ Detalhes","18","431177 - Maquiné","9007","8422","93,5%","5225","2986","211","1596 (19,4%)","6714","78.4% (5266)","44.4% (2981)"
"+ Detalhes","18","431244 - Morrinhos do Sul","3793","3896","102,7%","2521","1270","105","369 (9,7%)","2949","87.3% (2575)","46.2% (1363)"
"+ Detalhes","18","431250 - Mostardas","14978","13612","90,9%","8674","4655","283","2147 (16,1%)","12804","68.3% (8746)","36.5% (4673)"
"+ Detalhes","18","431350 - Osório","55933","52059","93,1%","33360","17506","1193","11907 (23,4%)","45994","68.6% (31548)","35.4% (16278)"
"+ Detalhes","18","431365 - Palmares do Sul","14699","14415","98,1%","9452","4700","263","2105 (14,9%)","11318","90.4% (10229)","46.9% (5304)"
"+ Detalhes","18","431760 - Santo Antônio da Patrulha","51938","45504","87,6%","29223","15064","1217","6971 (15,7%)","42894","65.7% (28192)","35.5% (15234)"
"+ Detalhes","18","432135 - Tavares","7313","5796","79,3%","3812","1869","115","1000 (17,6%)","5481","65.8% (3609)","33.6% (1841)"
"+ Detalhes","18","432143 - Terra de Areia","12211","11818","96,8%","7519","4043","256","2605 (22,5%)","11204","63.8% (7146)","34.5% (3870)"
"+ Detalhes","18","432150 - Torres","53335","49765","93,3%","31840","16270","1655","13571 (28,2%)","38732","68.5% (26525)","36.9% (14311)"
"+ Detalhes","18","432160 - Tramandaí","64610","55105","85,3%","37261","16758","1086","16235 (30,1%)","51715","64.1% (33141)","31.3% (16201)"
"+ Detalhes","18","432166 - Três Cachoeiras","12437","11444","92,0%","7672","3511","261","1076 (9,6%)","11053","71.6% (7917)","33.7% (3727)"
"+ Detalhes","18","432183 - Três Forquilhas","3654","3477","95,2%","2109","1289","79","688 (20,2%)","2697","72.2% (1948)","45.6% (1229)"
"+ Detalhes","18","432380 - Xangri-lá","17156","15875","92,5%","10926","4540","409","3647 (23,6%)","16408","73.3% (12026)","32.9% (5398)"